{
	"format_version": "1.8.0",
	"animations": {
		"eye_beamfire": {
			"animation_length": 8.097,
			"override_previous_animation": true,
			"bones": {
				"armorHead": {
					"rotation": {
						"0.0": {
							"vector": [7.5, 0, 0]
						},
						"0.1667": {
							"vector": [20, 0, 0]
						},
						"0.75": {
							"vector": [25, 0, 0]
						},
						"0.7917": {
							"vector": [15, 0, 0]
						},
						"0.8333": {
							"vector": [-7.5, 0, 0]
						},
						"0.875": {
							"vector": [-17.5, 0, 0]
						},
						"0.9167": {
							"vector": [-2.5, 0, 0]
						},
						"0.9583": {
							"vector": [-5, 0, 0]
						},
						"1.0": {
							"vector": [-7.5, 0, 0]
						}
					},
					"position": {
						"0.0": {
							"vector": [0, 0, 0]
						},
						"0.1667": {
							"vector": [0, -0.3, -0.4]
						}
					}
				},
				"armorBody": {
					"rotation": {
						"0.0": {
							"vector": [2.5, 0, 0]
						},
						"0.0833": {
							"vector": [5, 0, 0]
						},
						"0.1667": {
							"vector": [7.50474, 2.49048, 0.21803]
						},
						"0.75": {
							"vector": [0.00474, 2.49048, 0.21803]
						},
						"0.7917": {
							"vector": [-2.49526, 2.49048, 0.21803]
						},
						"0.8333": {
							"vector": [-4.99526, 2.49048, 0.21803]
						},
						"0.875": {
							"vector": [-4.99526, 2.49048, 0.21803]
						},
						"0.9167": {
							"vector": [0.00474, 2.49048, 0.21803]
						}
					}
				},
				"Eye15": {
					"position": {
						"vector": [0, 0, -0.4]
					},
					"scale": {
						"0.0": {
							"vector": [0.11, 1, 1]
						},
						"0.0833": {
							"vector": [0.27, 1, 1]
						},
						"0.25": {
							"vector": [0.14, 1, 1]
						},
						"0.5417": {
							"vector": [0.21, 1, 1]
						},
						"0.7083": {
							"vector": [0.17, 1, 1]
						},
						"0.75": {
							"vector": [0.38, 1, 1]
						},
						"0.7917": {
							"vector": [0.73, 1, 1]
						},
						"0.8333": {
							"vector": [1.12, 1, 1]
						},
						"0.875": {
							"vector": [0.92, 1, 1]
						},
						"0.9167": {
							"vector": [1.19, 1, 1]
						},
						"0.9583": {
							"vector": [1.02, 1, 1]
						},
						"1.0": {
							"vector": [1.01, 1, 1]
						}
					}
				},
				"armorLeftArm": {
					"rotation": {
						"0.0": {
							"vector": [17.5, 0, 0]
						},
						"0.0833": {
							"vector": [7.94582, 11.73507, 4.3361]
						},
						"0.1667": {
							"vector": [-46.19301, 57.91419, 23.55727]
						},
						"0.2083": {
							"vector": [-28.49012, 62.187, 43.81646]
						},
						"0.25": {
							"vector": [-23.49012, 62.187, 43.81646]
						},
						"0.3333": {
							"vector": [-20.99012, 62.187, 43.81646]
						},
						"0.75": {
							"vector": [-3.49012, 62.187, 43.81646]
						},
						"0.7917": {
							"vector": [5.82442, 10.40164, 9.18496]
						},
						"0.8333": {
							"vector": [2.60202, 14.73981, -5.53266]
						},
						"0.875": {
							"vector": [-0.94335, 17.63392, -18.19868]
						},
						"0.9167": {
							"vector": [0.56055, 16.56729, -13.08758]
						},
						"0.9583": {
							"vector": [-0.17788, 17.11663, -15.63581]
						},
						"1.0": {
							"vector": [-0.17788, 17.11663, -15.63581]
						}
					},
					"position": {
						"0.0": {
							"vector": [0, 0, 0]
						},
						"0.1667": {
							"vector": [3, 0, 0]
						},
						"0.8333": {
							"vector": [2, 0, 0]
						}
					}
				},
				"armorLeftLeg": {
					"position": {
						"vector": [0, 0, 0]
					}
				},
				"armorRightLeg": {
					"position": {
						"vector": [0, 0, 0]
					}
				},
				"HalfArm2": {
					"rotation": {
						"0.0": {
							"vector": [0, 0, 0]
						},
						"0.2083": {
							"vector": [-25.66083, 35.9844, 37.09662]
						},
						"0.25": {
							"vector": [-38.16083, 35.9844, 37.09662]
						},
						"0.3333": {
							"vector": [-43.16083, 35.9844, 37.09662]
						}
					},
					"position": {
						"0.0": {
							"vector": [0, 0, 0]
						},
						"0.2083": {
							"vector": [1.9, 0.6, 1.3]
						}
					}
				},
				"HalfArm": {
					"rotation": {
						"0.0": {
							"vector": [0, 0, 0]
						},
						"0.2083": {
							"vector": [-18.20186, -24.6823, -38.57601]
						},
						"0.25": {
							"vector": [-33.20186, -24.6823, -38.57601]
						},
						"0.3333": {
							"vector": [-38.20186, -24.6823, -38.57601]
						}
					},
					"position": {
						"0.0": {
							"vector": [0, 0, 0]
						},
						"0.2083": {
							"vector": [-1.4, 0.8, 1.8]
						}
					}
				},
				"armorRightArm": {
					"rotation": {
						"0.0": {
							"vector": [17.5, 0, 0]
						},
						"0.0833": {
							"vector": [7.94582, 11.73507, 4.3361]
						},
						"0.1667": {
							"vector": [-46.19301, 57.91419, 23.55727]
						},
						"0.2083": {
							"vector": [-28.49012, 62.187, 43.81646]
						},
						"0.25": {
							"vector": [-23.49012, 62.187, 43.81646]
						},
						"0.3333": {
							"vector": [-20.99012, 62.187, 43.81646]
						},
						"0.75": {
							"vector": [-3.49012, 62.187, 43.81646]
						},
						"0.7917": {
							"vector": [5.82442, 10.40164, 9.18496]
						},
						"0.8333": {
							"vector": [2.60202, 14.73981, -5.53266]
						},
						"0.875": {
							"vector": [-0.94335, 17.63392, -18.19868]
						},
						"0.9167": {
							"vector": [0.56055, 16.56729, -13.08758]
						},
						"0.9583": {
							"vector": [-0.17788, 17.11663, -15.63581]
						},
						"1.0": {
							"vector": [-0.17788, 17.11663, -15.63581]
						}
					},
					"position": {
						"0.0": {
							"vector": [0, 0, 0]
						},
						"0.1667": {
							"vector": [3, 0, 0]
						},
						"0.8333": {
							"vector": [2, 0, 0]
						}
					}
				},
				"HalfArm3": {
					"rotation": {
						"0.0": {
							"vector": [0, 0, 0]
						},
						"0.2083": {
							"vector": [-25.66083, 35.9844, 37.09662]
						},
						"0.25": {
							"vector": [-38.16083, 35.9844, 37.09662]
						},
						"0.3333": {
							"vector": [-43.16083, 35.9844, 37.09662]
						}
					},
					"position": {
						"0.0": {
							"vector": [0, 0, 0]
						},
						"0.2083": {
							"vector": [1.9, 0.6, 1.3]
						}
					}
				}
			}
		},
		"eye_out": {
			"loop": "hold_on_last_frame",
			"animation_length": 1.0349,
			"bones": {
				"Eye15": {
					"position": [0, 0, -0.5],
					"scale": {
						"0.0": [0.06, 1, 1],
						"0.2083": [1.68, 1, 1],
						"0.375": [0.71, 1, 1],
						"0.5833": [1.21, 1, 1],
						"0.75": [1.01, 1, 1]
					}
				}
			}
		},
		"eye_in": {
			"loop": "hold_on_last_frame",
			"animation_length": 0.5417,
			"bones": {
				"Eye15": {
					"position": {
						"0.0": [0, 0, -0.4],
						"0.3333": [0, 0, 0.1]
					},
					"scale": {
						"0.0": [1, 1, 1],
						"0.2083": [-0.1, 1, 1]
					}
				}
			}
		},
		"arm_up": {
			"loop": "hold_on_last_frame",
			"animation_length": 0.75,
			"bones": {
				"HalfArm2": {
					"rotation": {
						"0.0": [1.83065, -2.08019, 4.39956],
						"0.1667": [-103.08619, -17.07228, 3.90399],
						"0.25": [-90.58619, -17.07228, 3.90399]
					},
					"position": {
						"0.0": [0, 0, 0],
						"0.2083": [0, 0, 1.6]
					}
				},
				"HalfArm": {
					"rotation": {
						"0.0": [5.89332, 4.29141, -8.02333],
						"0.1667": [-111.17354, 21.69365, -6.1191],
						"0.25": [-91.17354, 21.69365, -6.1191]
					},
					"position": {
						"0.0": [0, 0, 0],
						"0.2083": [0, 0, 0]
					}
				},
				"Eye15": {
					"position": [0, 0, -0.5],
					"scale": {
						"0.0": [0.06, 1, 1],
						"0.2083": [1.68, 1, 1],
						"0.375": [0.71, 1, 1],
						"0.5833": [1.21, 1, 1],
						"0.75": [1.01, 1, 1]
					}
				},
				"UpperArm": {
					"rotation": {
						"0.0": [0, 0, 0],
						"0.25": [12.5, 0, 0]
					}
				},
				"UpperArm2": {
					"rotation": {
						"0.0": [0, 0, 0],
						"0.2083": [10, 0, 0]
					}
				},
				"UpperArm3": {
					"rotation": {
						"0.0": [0, 0, 0],
						"0.2083": [10, 0, 0]
					}
				},
				"HalfArm3": {
					"rotation": {
						"0.0": [1.83065, -2.08019, 4.39956],
						"0.1667": [-103.08619, 17.07228, 3.90399],